<?xml version="1.0" encoding="UTF-8"?>
<beans xmlns:context="http://www.springframework.org/schema/context"
    xmlns:p="http://www.springframework.org/schema/p"
    xmlns:xsi="http://www.w3.org/2001/XMLSchema-instance"
    xmlns="http://www.springframework.org/schema/beans"
    xmlns:mvc="http://www.springframework.org/schema/mvc"
    xmlns:cache="http://www.springframework.org/schema/cache"
    xmlns:aop="http://www.springframework.org/schema/aop"
    xsi:schemaLocation="http://www.springframework.org/schema/beans http://www.springframework.org/schema/beans/spring-beans-3.0.xsd
						http://www.springframework.org/schema/context http://www.springframework.org/schema/context/spring-context-3.0.xsd
						http://www.springframework.org/schema/mvc http://www.springframework.org/schema/mvc/spring-mvc.xsd
       					http://www.springframework.org/schema/cache http://www.springframework.org/schema/cache/spring-cache.xsd">
    
    <!-- action-servlet.xml에서 Controller만 추가했는데, context-common.xml에서 @Controller를 제외한 나머지를 등록시켜 주는 역할 -->
    <!-- action-servlet.xml에서는 include였고, 여기서는 exclude -->
    <context:component-scan base-package="omc">
		<context:exclude-filter type="annotation" expression="org.springframework.stereotype.Controller"/>
	</context:component-scan>
       					
    <!-- MultipartResolver 설정 -->
    <bean id="multipartResolver" class="org.springframework.web.multipart.commons.CommonsMultipartResolver">
    	<property name="maxUploadSize" value="10000000" />
        <property name="maxInMemorySize" value="100000000" />
    </bean>
    
    <!-- 전자정부 프레임워크의 페이지 랜더방식을 결정하는 부분 -->
    <bean id="textRenderer" class="egovframework.rte.ptl.mvc.tags.ui.pagination.DefaultPaginationRenderer"/>   
    <bean id="paginationManager" class="egovframework.rte.ptl.mvc.tags.ui.pagination.DefaultPaginationManager">
        <property name="rendererType">
            <map>
                <entry key="text" value-ref="textRenderer"/>
            </map>
        </property>
    </bean>
</beans>