<?xml version="1.0" encoding="UTF-8"?>
<beans xmlns:context="http://www.springframework.org/schema/context"
    xmlns:p="http://www.springframework.org/schema/p"
    xmlns:xsi="http://www.w3.org/2001/XMLSchema-instance"
    xmlns="http://www.springframework.org/schema/beans"
    xmlns:mvc="http://www.springframework.org/schema/mvc"
    xmlns:aop="http://www.springframework.org/schema/aop"
    xsi:schemaLocation="http://www.springframework.org/schema/beans http://www.springframework.org/schema/beans/spring-beans-3.0.xsd
       http://www.springframework.org/schema/context http://www.springframework.org/schema/context/spring-context-3.0.xsd
       http://www.springframework.org/schema/mvc http://www.springframework.org/schema/mvc/spring-mvc.xsd
       http://www.springframework.org/schema/aop http://www.springframework.org/schema/aop/spring-aop.xsd">
	
	<!-- use-default-filters="false"라는 값을 주게되면 이와 같은 어노테이션을 자동으로 검색하지 않겠다는 뜻 -->
	<!-- 그리고 <context:include-filter> 태그에 해당하는 어노테이션만 검색하고 bean을 등록시켜 준다 -->
	<context:component-scan base-package="omc" use-default-filters="false">
		<context:include-filter type="annotation" expression="org.springframework.stereotype.Controller"/>
	</context:component-scan>
	
	<mvc:annotation-driven>
		<mvc:argument-resolvers>	<!-- CustomMapArgumentResolver의 빈(bean)을 수동으로 등록 -->
			<bean class="omc.common.resolver.CustomMapArgumentResolver"></bean>		
		</mvc:argument-resolvers>
	</mvc:annotation-driven>
	
	<mvc:interceptors>	<!-- Interceptor는 DispatcherServlet과 같은 위치에 등록이 되어있어야지 정상적으로 수행 -->
		<mvc:interceptor>	<!-- Interceptor는 Controller가 요청되기 전에 수행 -->
			<!-- mvc:mapping path : 인터셉터가 동작할 URL을 지정 -->
			<mvc:mapping path="/**"/>	<!-- 전체 패스를 의미하는 "/**" 로 설정 -->
			<bean id="loggerInterceptor" class="omc.common.logger.LoggerInterceptor"></bean>
		</mvc:interceptor>
	</mvc:interceptors>
	
	<!-- LoggerAspect를 등록 -->
	<aop:aspectj-autoproxy/>
	<bean id="loggerAspect" class="omc.common.logger.LoggerAspect" />
	
    <bean class="org.springframework.web.servlet.mvc.annotation.DefaultAnnotationHandlerMapping"/>
    
    <bean class="org.springframework.web.servlet.view.BeanNameViewResolver" p:order="0" />
    <bean id="jsonView" class="org.springframework.web.servlet.view.json.MappingJacksonJsonView" />    
    
    <bean
    	class="org.springframework.web.servlet.view.UrlBasedViewResolver" p:order="1" 
    	p:viewClass="org.springframework.web.servlet.view.JstlView" 
    	p:prefix="/WEB-INF/jsp/" p:suffix=".jsp">
   	</bean>
</beans>