<?xml version="1.0" encoding="UTF-8"?>
<!DOCTYPE tiles-definitions PUBLIC "-//Apache Software Foundation//DTD Tiles Configuration 3.0//EN"
								   "http://tiles.apache.org/dtds/tiles-config_3.0_dtd">

<tiles-definitions>

	<definition name="main_layout" template="/WEB-INF/jsp/layout/layout.jsp">
		<put-attribute name="header" value="/WEB-INF/jsp/layout/main_header.jsp" />
		<put-attribute name="footer" value="/WEB-INF/jsp/layout/main_footer.jsp" />
		<put-attribute name="body" value="/WEB-INF/jsp/main.jsp" />
	</definition>

	<!-- 
	<definition name="main_layout" template="/WEB-INF/jsp/layout/layout.jsp" >
		<put-attribute name="header" value="/WEB-INF/jsp/layout/main_header.jsp"  />
		<put-attribute name="content" value="/WEB-INF/jsp/main.jsp"  />
		<put-attribute name="footer" value="/WEB-INF/jsp/layout/main_footer.jsp"  />
	</definition>
	-->
	
	<!-- <definition name="myPage" template="/WEB-INF/jsp/layout/layout.jsp" >
		<put-attribute name="header" value="/WEB-INF/jsp/layout/main_header.jsp"  />
		<put-attribute name="body" value="/WEB-INF/jsp/member/myPage.jsp"  />
		<put-attribute name="footer" value="/WEB-INF/jsp/layout/main_footer.jsp"  />
	</definition> -->

	<definition name="*/*/*" extends="main_layout">
		<put-attribute name="body" value="/WEB-INF/jsp/{1}/{2}/{3}.jsp" />
	</definition>
	<definition name="*/*" extends="main_layout">
		<put-attribute name="body" value="/WEB-INF/jsp/{1}/{2}.jsp" />
	</definition>
	
	<!-- 
	<definition name="main" template="/WEB-INF/jsp/layout/layout.jsp" >
		<put-attribute name="header" value="/WEB-INF/jsp/layout/header.jsp"  />
		<put-attribute name="content" value="/WEB-INF/jsp/notice/{1}.jsp"  />
		<put-attribute name="footer" value="/WEB-INF/jsp/layout/footer.jsp"  />
	</definition>
	 -->
	
</tiles-definitions>